Operation	(m, n)	trans_b	Duration [s]	Bytes transferred [GiB]	GiBs	Runs
identity	(64, 64)	0	1.65585	300	181.175	3
identity	(64, 128)	0	1.66086	300	180.629	3
identity	(64, 512)	0	1.6742	300	179.19	3
identity	(128, 64)	0	1.63568	300	183.41	3
identity	(128, 128)	0	1.64646	300	182.209	3
identity	(128, 512)	0	1.65486	300	181.284	3
identity	(512, 64)	0	2.8281	300	106.078	3
identity	(512, 128)	0	2.86151	300	104.84	3
identity	(512, 512)	0	2.86873	300	104.576	3
identity	(64, 64)	1	2.36094	300	127.068	3
identity	(64, 128)	1	2.3806	300	126.019	3
identity	(64, 512)	1	2.43679	300	123.113	3
identity	(128, 64)	1	2.38063	300	126.017	3
identity	(128, 128)	1	2.39109	300	125.466	3
identity	(128, 512)	1	2.46525	300	121.692	3
identity	(512, 64)	1	2.39861	300	125.072	3
identity	(512, 128)	1	2.39897	300	125.053	3
identity	(512, 512)	1	2.77444	300	108.13	3
zero	(64, 64)	0	1.28086	300	234.217	3
zero	(64, 128)	0	1.28039	300	234.304	3
zero	(64, 512)	0	1.28018	300	234.342	3
zero	(128, 64)	0	1.2803	300	234.319	3
zero	(128, 128)	0	1.2801	300	234.357	3
zero	(128, 512)	0	1.28018	300	234.343	3
zero	(512, 64)	0	1.28019	300	234.34	3
zero	(512, 128)	0	1.28022	300	234.334	3
zero	(512, 512)	0	1.28047	300	234.289	3
zero	(64, 64)	1	1.28029	300	234.323	3
zero	(64, 128)	1	1.27974	300	234.422	3
zero	(64, 512)	1	1.66863	300	179.789	3
zero	(128, 64)	1	1.27971	300	234.427	3
zero	(128, 128)	1	1.28011	300	234.355	3
zero	(128, 512)	1	1.75663	300	170.781	3
zero	(512, 64)	1	1.27981	300	234.41	3
zero	(512, 128)	1	1.27966	300	234.438	3
zero	(512, 512)	1	2.10598	300	142.452	3
relu	(64, 64)	0	2.02811	300	147.921	3
relu	(64, 128)	0	1.97396	300	151.979	3
relu	(64, 512)	0	1.93485	300	155.051	3
relu	(128, 64)	0	1.97496	300	151.901	3
relu	(128, 128)	0	1.94711	300	154.075	3
relu	(128, 512)	0	1.92739	300	155.651	3
relu	(512, 64)	0	2.83635	300	105.77	3
relu	(512, 128)	0	2.79596	300	107.298	3
relu	(512, 512)	0	2.85942	300	104.916	3
relu	(64, 64)	1	2.43378	300	123.265	3
relu	(64, 128)	1	2.43072	300	123.42	3
relu	(64, 512)	1	2.59144	300	115.766	3
relu	(128, 64)	1	2.43386	300	123.261	3
relu	(128, 128)	1	2.43553	300	123.176	3
relu	(128, 512)	1	2.62479	300	114.295	3
relu	(512, 64)	1	2.52471	300	118.826	3
relu	(512, 128)	1	2.5397	300	118.124	3
relu	(512, 512)	1	2.82038	300	106.369	3
