example	config	passes	schedule	best_s	median_s	best_gflops	median_gflops	speedup	max_rel_diff
matmul	baseline	0	unchanged	1.3444	1.3526	817.8	812.9	1.00	0.00e+00
matmul	only fusion	1	unchanged	1.3490	1.3529	815.1	812.7	1.00	0.00e+00
matmul	only operands	2	changed	1.2937	1.2963	849.9	848.2	1.04	0.00e+00
matmul	only blocking	4	unchanged	1.3480	1.3533	815.6	812.5	1.00	0.00e+00
matmul	only parallel	8	unchanged	1.3437	1.3525	818.3	812.9	1.00	0.00e+00
matmul	all	15	changed	1.2915	1.2968	851.4	847.9	1.04	0.00e+00
matmul	all but fusion	14	changed	1.2965	1.2976	848.1	847.3	1.04	0.00e+00
matmul	all but operands	13	unchanged	1.3440	1.3529	818.1	812.7	1.00	0.00e+00
matmul	all but blocking	11	changed	1.2930	1.2963	850.3	848.2	1.04	0.00e+00
matmul	all but parallel	7	changed	1.2942	1.2965	849.5	848.0	1.04	0.00e+00
matmul	file	0	changed	1.3513	1.3540	813.6	812.0	0.99	1.87e+01
matmul	sequential	0	changed	2.6675	2.6697	412.2	411.8	0.50	0.00e+00
matmul	sequential + all	0	changed	1.2681	1.2709	867.1	865.2	1.06	0.00e+00
contraction	baseline	0	unchanged	1.9523	1.9628	633.6	630.2	1.00	0.00e+00
contraction	only fusion	1	unchanged	1.9428	1.9651	636.7	629.5	1.00	0.00e+00
contraction	only operands	2	changed	1.8590	1.8690	665.4	661.8	1.05	0.00e+00
contraction	only blocking	4	unchanged	1.9583	1.9625	631.6	630.3	1.00	0.00e+00
contraction	only parallel	8	unchanged	1.9469	1.9610	635.3	630.8	1.00	0.00e+00
contraction	all	15	changed	1.8566	1.8720	666.2	660.8	1.05	0.00e+00
contraction	all but fusion	14	changed	1.8603	1.8646	664.9	663.4	1.05	0.00e+00
contraction	all but operands	13	unchanged	1.9501	1.9669	634.3	628.9	1.00	0.00e+00
contraction	all but blocking	11	changed	1.8605	1.8640	664.9	663.6	1.05	0.00e+00
contraction	all but parallel	7	changed	1.8548	1.8651	666.9	663.2	1.05	0.00e+00
contraction	sequential	0	changed	3.5510	3.5562	348.3	347.8	0.55	0.00e+00
contraction	sequential + all	0	changed	1.8695	1.8778	661.7	658.7	1.04	0.00e+00
einsum	baseline	0	unchanged	0.7043	0.7058	987.9	985.8	1.00	0.00e+00
einsum	only fusion	1	changed	1.1538	1.1597	603.0	600.0	0.61	0.00e+00
einsum	only operands	2	unchanged	0.7009	0.7027	992.7	990.1	1.00	0.00e+00
einsum	only blocking	4	unchanged	0.7021	0.7041	990.9	988.2	1.00	0.00e+00
einsum	only parallel	8	changed	0.7449	0.7477	934.0	930.6	0.95	0.00e+00
einsum	all	15	changed	0.4015	0.4075	1733.1	1707.4	1.75	0.00e+00
einsum	all but fusion	14	changed	0.7594	0.7693	916.3	904.4	0.93	0.00e+00
einsum	all but operands	13	changed	0.3976	0.4010	1749.9	1735.2	1.77	0.00e+00
einsum	all but blocking	11	changed	0.5902	0.5951	1179.0	1169.2	1.19	0.00e+00
einsum	all but parallel	7	changed	0.4773	0.4788	1457.9	1453.0	1.48	0.00e+00
