m	n	k	trans_a	trans_b	trans_c	GFLOPS	Duration [s]
8	8	512	0	0	0	67.721	59.0659
16	16	512	0	0	0	270.136	14.8074
24	24	512	0	0	0	152.02	26.3124
32	32	512	0	0	0	481.83	8.30169
48	48	512	0	0	0	327.661	12.2077
64	64	512	0	0	0	483.855	8.26693
300	300	512	0	0	0	416.953	9.59324
512	512	512	0	0	0	478.051	8.36721
8	8	512	0	0	1	67.6933	59.0901
16	16	512	0	0	1	269.974	14.8162
24	24	512	0	0	1	153.404	26.075
32	32	512	0	0	1	482.964	8.28219
48	48	512	0	0	1	327.59	12.2104
64	64	512	0	0	1	484.379	8.258
300	300	512	0	0	1	421.496	9.48984
512	512	512	0	0	1	476.736	8.39031
8	8	512	0	1	0	107.826	37.0969
16	16	512	0	1	0	477.027	8.38526
24	24	512	0	1	0	267.895	14.9312
32	32	512	0	1	0	1859.32	2.15133
48	48	512	0	1	0	739.879	5.40629
64	64	512	0	1	0	1902.96	2.10199
300	300	512	0	1	0	1242.1	3.2203
512	512	512	0	1	0	1837.56	2.17678
8	8	512	0	1	1	107.825	37.0971
16	16	512	0	1	1	475.487	8.41243
24	24	512	0	1	1	279.695	14.3013
32	32	512	0	1	1	1858.6	2.15216
48	48	512	0	1	1	741.259	5.39623
64	64	512	0	1	1	1902.37	2.10264
300	300	512	0	1	1	1393.66	2.87009
512	512	512	0	1	1	1811.44	2.20817
8	8	512	1	0	0	47.8222	83.6432
16	16	512	1	0	0	160.013	24.998
24	24	512	1	0	0	98.759	40.5027
32	32	512	1	0	0	302.442	13.2257
48	48	512	1	0	0	203.795	19.6275
64	64	512	1	0	0	303.308	13.1879
300	300	512	1	0	0	270.244	14.8012
512	512	512	1	0	0	302.043	13.243
8	8	512	1	0	1	47.8596	83.5778
16	16	512	1	0	1	160.42	24.9346
24	24	512	1	0	1	98.7782	40.4948
32	32	512	1	0	1	302.234	13.2348
48	48	512	1	0	1	203.914	19.6161
64	64	512	1	0	1	303.182	13.1934
300	300	512	1	0	1	271.44	14.736
512	512	512	1	0	1	301.513	13.2663
8	8	512	1	1	0	68.434	58.4505
16	16	512	1	1	0	255.347	15.665
24	24	512	1	1	0	146.318	27.3377
32	32	512	1	1	0	473.518	8.44741
48	48	512	1	1	0	316.106	12.654
64	64	512	1	1	0	475.007	8.42092
300	300	512	1	1	0	405.676	9.8599
512	512	512	1	1	0	467.726	8.55192
8	8	512	1	1	1	68.4433	58.4425
16	16	512	1	1	1	254.442	15.7207
24	24	512	1	1	1	146.259	27.3488
32	32	512	1	1	1	473.309	8.45114
48	48	512	1	1	1	316.016	12.6576
64	64	512	1	1	1	473.01	8.45647
300	300	512	1	1	1	409.486	9.76817
512	512	512	1	1	1	465.912	8.58521
