example	runtime	policy	threads	best_s	median_s	best_perf	median_perf	unit	max_rel_diff
matmul	compiler	parallel	1	2.7059	2.7159	406.33	404.84	GFLOPS	nan
matmul	compiler	parallel	2	1.9072	1.9081	576.50	576.24	GFLOPS	nan
matmul	compiler	parallel	4	1.5154	1.5244	725.54	721.28	GFLOPS	nan
matmul	compiler	parallel	6	1.4446	1.4449	761.11	760.94	GFLOPS	nan
matmul	compiler	parallel	8	1.2997	1.3007	845.96	845.30	GFLOPS	nan
matmul	compiler	parallel	10	1.3374	1.3389	822.16	821.21	GFLOPS	nan
contraction	compiler	parallel	1	3.5835	3.5857	345.18	344.96	GFLOPS	nan
contraction	compiler	parallel	2	2.5431	2.5456	486.40	485.92	GFLOPS	nan
contraction	compiler	parallel	4	2.1064	2.2037	587.24	561.30	GFLOPS	nan
contraction	compiler	parallel	6	1.9656	2.0188	629.31	612.71	GFLOPS	nan
contraction	compiler	parallel	8	1.8812	1.8950	657.55	652.75	GFLOPS	nan
contraction	compiler	parallel	10	1.9559	1.9564	632.43	632.25	GFLOPS	nan
transposition	compiler	parallel	1	0.0046	0.0046	33.02	32.93	GB/s	nan
transposition	compiler	parallel	2	0.0036	0.0052	42.32	28.99	GB/s	nan
transposition	compiler	parallel	4	0.0029	0.0030	51.28	50.21	GB/s	nan
transposition	compiler	parallel	6	0.0027	0.0028	55.19	54.68	GB/s	nan
transposition	compiler	parallel	8	0.0027	0.0027	56.90	55.72	GB/s	nan
transposition	compiler	parallel	10	0.0026	0.0027	58.39	56.58	GB/s	nan
